Country/Region,Confirmed,Deaths,Recovered,Active,New cases,New deaths,New recovered,Deaths / 100 Cases,Recovered / 100 Cases,Deaths / 100 Recovered,Confirmed last week,1 week change,1 week % increase,WHO Region,Rank,CCA3,Capital,Continent,Population,2020 Population,2015 Population,2010 Population,2000 Population,1990 Population,1980 Population,1970 Population,Area (km²),Density (per km²),Growth Rate,World Population Percentage
Afghanistan,36263,1269,25198,9796,106,10,18,3.5,69.49,5.04,35526,737,2.07,Eastern Mediterranean,36,AFG,Kabul,Asia,41128771,38972230,33753499,28189672,19542982,10694796,12486631,10752971,652230,63.0587,1.0257,0.52
Albania,4880,144,2745,1991,117,6,63,2.95,56.25,5.25,4171,709,17.0,Europe,138,ALB,Tirana,Europe,2842321,2866849,2882481,2913399,3182021,3295066,2941651,2324731,28748,98.8702,0.9957,0.04
Algeria,27973,1163,18837,7973,616,8,749,4.16,67.34,6.17,23691,4282,18.07,Africa,34,DZA,Algiers,Africa,44903225,43451666,39543154,35856344,30774621,25518074,18739378,13795915,2381741,18.8531,1.0164,0.56
Andorra,907,52,803,52,10,0,0,5.73,88.53,6.48,884,23,2.6,Europe,203,AND,Andorra la Vella,Europe,79824,77700,71746,71519,66097,53569,35611,19860,468,170.5641,1.01,0.0
Angola,950,41,242,667,18,1,0,4.32,25.47,16.94,749,201,26.84,Africa,42,AGO,Luanda,Africa,35588987,33428485,28127721,23364185,16394062,11828638,8330047,6029700,1246700,28.5466,1.0315,0.45
Antigua and Barbuda,86,3,65,18,4,0,5,3.49,75.58,4.62,76,10,13.16,Americas,201,ATG,Saint John’s,North America,93763,92664,89941,85695,75055,63328,64888,64516,442,212.1335,1.0058,0.0
Argentina,167416,3059,72575,91782,4890,120,2057,1.83,43.35,4.21,130774,36642,28.02,Americas,33,ARG,Buenos Aires,South America,45510318,45036032,43257065,41100123,37070774,32637657,28024803,23842803,2780400,16.3683,1.0052,0.57
Armenia,37390,711,26665,10014,73,6,187,1.9,71.32,2.67,34981,2409,6.89,Europe,140,ARM,Yerevan,Asia,2780469,2805608,2878595,2946293,3168523,3556539,3135123,2534377,29743,93.4831,0.9962,0.03
Australia,15303,167,9311,5825,368,6,137,1.09,60.84,1.79,12428,2875,23.13,Western Pacific,55,AUS,Canberra,Oceania,26177413,25670051,23820236,22019168,19017963,17048003,14706322,12595034,7692024,3.4032,1.0099,0.33
Austria,20558,713,18246,1599,86,1,37,3.47,88.75,3.91,19743,815,4.13,Europe,99,AUT,Vienna,Europe,8939617,8907777,8642421,8362829,8010428,7678729,7547561,7465301,83871,106.5877,1.002,0.11
Azerbaijan,30446,423,23242,6781,396,6,558,1.39,76.34,1.82,27890,2556,9.16,Europe,91,AZE,Baku,Asia,10358074,10284951,9863480,9237202,8190337,7427836,6383060,5425317,86600,119.6082,1.0044,0.13
Bahamas,382,11,91,280,40,0,0,2.88,23.82,12.09,174,208,119.54,Americas,176,BHS,Nassau,North America,409984,406471,392697,373272,325014,270679,223752,179129,13943,29.4043,1.0051,0.01
Bahrain,39482,141,36110,3231,351,1,421,0.36,91.46,0.39,36936,2546,6.89,Eastern Mediterranean,154,BHR,Manama,Asia,1472233,1477469,1362142,1213645,711442,517418,362595,222555,765,1924.4876,1.0061,0.02
Bangladesh,226225,2965,125683,97577,2772,37,1801,1.31,55.56,2.36,207453,18772,9.05,South-East Asia,8,BGD,Dhaka,Asia,171186372,167420951,157830000,148391139,129193327,107147651,83929765,67541860,147570,1160.035,1.0108,2.15
Barbados,110,7,94,9,0,0,0,6.36,85.45,7.45,106,4,3.77,Americas,186,BRB,Bridgetown,North America,281635,280693,278083,274711,264657,258868,253575,241397,430,654.9651,1.0015,0.0
Belarus,67251,538,60492,6221,119,4,67,0.8,89.95,0.89,66213,1038,1.57,Europe,96,BLR,Minsk,Europe,9534954,9633740,9700609,9731427,10256483,10428525,9817257,9170786,207600,45.9295,0.9955,0.12
Belgium,66428,9822,17452,39154,402,1,14,14.79,26.27,56.28,64094,2334,3.64,Europe,81,BEL,Brussels,Europe,11655930,11561717,11248303,10877947,10264343,9959560,9828986,9629376,30528,381.8111,1.0038,0.15
Belize,48,2,26,20,0,0,0,4.17,54.17,7.69,40,8,20.0,Americas,177,BLZ,Belmopan,North America,405272,394921,359871,322106,240406,182589,145133,120905,22966,17.6466,1.0131,0.01
Benin,1770,35,1036,699,0,0,0,1.98,58.53,3.38,1602,168,10.49,Africa,77,BEN,Porto-Novo,Africa,13352864,12643123,10932783,9445710,6998023,5133419,3833939,3023443,112622,118.5635,1.0274,0.17
Bhutan,99,0,86,13,4,0,1,0.0,86.87,0.0,90,9,10.0,South-East Asia,165,BTN,Thimphu,Asia,782455,772506,743274,705516,587207,558442,415257,298894,38394,20.3796,1.0064,0.01
Bolivia,71181,2647,21478,47056,1752,64,309,3.72,30.17,12.32,60991,10190,16.71,Americas,80,BOL,Sucre,South America,12224110,11936162,11090085,10223270,8592656,7096194,5736088,4585693,1098581,11.1272,1.012,0.15
Bosnia and Herzegovina,10498,294,4930,5274,731,14,375,2.8,46.96,5.96,8479,2019,23.81,Europe,137,BIH,Sarajevo,Europe,3233526,3318407,3524324,3811088,4179350,4494310,4199820,3815561,51209,63.1437,0.9886,0.04
Botswana,739,2,63,674,53,1,11,0.27,8.53,3.17,522,217,41.57,Africa,144,BWA,Gaborone,Africa,2630296,2546402,2305171,2091664,1726985,1341474,938578,592244,582000,4.5194,1.0162,0.03
Brazil,2442375,87618,1846641,508116,23284,614,33728,3.59,75.61,4.74,2118646,323729,15.28,Americas,7,BRA,Brasilia,South America,215313498,213196304,205188205,196353492,175873720,150706446,122288383,96369875,8515767,25.2841,1.0046,2.7
Brunei,141,3,138,0,0,0,0,2.13,97.87,2.17,141,0,0.0,Western Pacific,175,BRN,Bandar Seri Begawan,Asia,449002,441725,421437,396053,333926,261928,187921,133343,5765,77.8841,1.0081,0.01
Bulgaria,10621,347,5585,4689,194,7,230,3.27,52.58,6.21,8929,1692,18.95,Europe,108,BGR,Sofia,Europe,6781953,6979175,7309253,7592273,8097691,8767778,8980606,8582950,110879,61.1654,0.9849,0.09
Burkina Faso,1100,53,926,121,14,0,6,4.82,84.18,5.72,1065,35,3.29,Africa,58,BFA,Ouagadougou,Africa,22673762,21522626,18718019,16116845,11882888,9131361,6932967,5611666,272967,83.0641,1.0259,0.28
Burundi,378,1,301,76,17,0,22,0.26,79.63,0.33,322,56,17.39,Africa,78,BDI,Bujumbura,Africa,12889576,12220227,10727148,9126605,6307659,5483793,4312834,3497834,27834,463.0874,1.027,0.16
Cambodia,226,0,147,79,1,0,4,0.0,65.04,0.0,171,55,32.16,Western Pacific,73,KHM,Phnom Penh,Asia,16767842,16396860,15417523,14363532,12118841,8910808,6198959,6708525,181035,92.6221,1.0108,0.21
Cameroon,17110,391,14539,2180,402,6,0,2.29,84.97,2.69,16157,953,5.9,Africa,53,CMR,Yaounde,Africa,27914536,26491087,23012646,19878036,15091594,11430520,8519891,6452787,475442,58.7128,1.0263,0.35
Canada,116458,8944,0,107514,682,11,0,7.68,0.0,inf,112925,3533,3.13,Americas,39,CAN,Ottawa,North America,38454327,37888705,35732126,33963412,30683313,27657204,24511510,21434577,9984670,3.8513,1.0078,0.48
Central African Republic,4599,59,1546,2994,0,0,0,1.28,33.62,3.82,4548,51,1.12,Africa,117,CAF,Bangui,Africa,5579144,5343020,4819333,4660067,3759170,2809221,2415276,2067356,622984,8.9555,1.0224,0.07
Chad,922,75,810,37,7,0,0,8.13,87.85,9.26,889,33,3.71,Africa,69,TCD,N'Djamena,Africa,17723315,16644701,14140274,11894727,8259137,5827069,4408230,3667394,1284000,13.8032,1.0316,0.22
Chile,347923,9187,319954,18782,2133,75,1859,2.64,91.96,2.87,333029,14894,4.47,Americas,65,CHL,Santiago,South America,19603733,19300315,17870124,17004162,15351799,13342868,11469828,9820481,756102,25.9274,1.0057,0.25
China,86783,4656,78869,3258,213,4,7,5.37,90.88,5.9,85622,1161,1.36,Western Pacific,1,CHN,Beijing,Asia,1425887337,1424929781,1393715448,1348191368,1264099069,1153704252,982372466,822534450,9706961,146.8933,1.0,17.88
Colombia,257101,8777,131161,117163,16306,508,11494,3.41,51.02,6.69,204005,53096,26.03,Americas,28,COL,Bogota,South America,51874024,50930662,47119728,44816108,39215135,32601393,26176195,20905254,1141748,45.4339,1.0069,0.65
Comoros,354,7,328,19,0,0,0,1.98,92.66,2.13,334,20,5.99,Africa,163,COM,Moroni,Africa,836774,806166,730216,656024,536758,431119,328328,242351,1862,449.3953,1.0184,0.01
Costa Rica,15841,115,3824,11902,612,11,88,0.73,24.14,3.01,11534,4307,37.34,Americas,124,CRI,San José,North America,5180829,5123105,4895242,4622252,3979193,3158253,2414303,1855697,51100,101.3861,1.0052,0.06
Croatia,4881,139,3936,806,24,3,70,2.85,80.64,3.53,4370,511,11.69,Europe,130,HRV,Zagreb,Europe,4030358,4096868,4254815,4368682,4548434,4873707,4680144,4492638,56594,71.2153,0.9927,0.05
Cuba,2532,87,2351,94,37,0,2,3.44,92.85,3.7,2446,86,3.52,Americas,85,CUB,Havana,North America,11212191,11300698,11339894,11290417,11105791,10626680,9809107,8869636,109884,102.0366,0.9961,0.14
Cyprus,1060,19,852,189,3,0,0,1.79,80.38,2.23,1038,22,2.12,Europe,158,CYP,Nicosia,Europe,1251488,1237537,1187280,1129686,948237,788500,679327,640804,9251,135.2814,1.0059,0.02
Denmark,13761,613,12605,543,109,0,77,4.45,91.6,4.86,13453,308,2.29,Europe,115,DNK,Copenhagen,Europe,5882261,5825641,5677796,5550849,5340655,5144623,5125392,4922963,43094,136.4984,1.0048,0.07
Djibouti,5059,58,4977,24,9,0,11,1.15,98.38,1.17,5020,39,0.78,Eastern Mediterranean,160,DJI,Djibouti,Africa,1120849,1090156,1006259,919199,742033,577173,324121,144379,23200,48.3125,1.0138,0.01
Dominica,18,0,18,0,0,0,0,0.0,100.0,0.0,18,0,0.0,Americas,204,DMA,Roseau,North America,72737,71995,70007,68755,68346,69481,72978,68895,751,96.8535,1.0045,0.0
Dominican Republic,64156,1083,30204,32869,1248,20,1601,1.69,47.08,3.59,53956,10200,18.9,Americas,84,DOM,Santo Domingo,North America,11228821,10999664,10405832,9775755,8540791,7129004,5755800,4475871,48671,230.7087,1.01,0.14
Ecuador,81161,5532,34896,40733,467,17,0,6.82,43.0,15.85,74620,6541,8.77,Americas,67,ECU,Quito,South America,18001000,17588595,16195902,14989585,12626507,10449837,8135845,6172215,276841,65.0229,1.0114,0.23
Egypt,92482,4652,34838,52992,420,46,1007,5.03,37.67,13.35,88402,4080,4.62,Eastern Mediterranean,14,EGY,Cairo,Africa,110990103,107465134,97723799,87252413,71371371,57214630,43748556,34781986,1002450,110.7188,1.0158,1.39
El Salvador,15035,408,7778,6849,405,8,130,2.71,51.73,5.25,12207,2828,23.17,Americas,112,SLV,San Salvador,North America,6336392,6292731,6231066,6114034,5958482,5367179,4508992,3619090,21041,301.145,1.0035,0.08
Equatorial Guinea,3071,51,842,2178,0,0,0,1.66,27.42,6.06,3071,0,0.0,Africa,152,GNQ,Malabo,Africa,1674908,1596049,1346973,1094524,684977,465549,282509,316955,28051,59.7094,1.0247,0.02
Eritrea,265,0,191,74,2,0,2,0.0,72.08,0.0,251,14,5.58,Africa,132,ERI,Asmara,Africa,3684032,3555868,3340006,3147727,2392880,2149960,1657982,1272748,117600,31.3268,1.0176,0.05
Estonia,2034,69,1923,42,0,0,1,3.39,94.54,3.59,2021,13,0.64,Europe,156,EST,Tallinn,Europe,1326062,1329444,1314657,1331535,1396877,1570674,1476983,1361999,45227,29.3201,0.998,0.02
Eswatini,2316,34,1025,1257,109,2,39,1.47,44.26,3.32,1826,490,26.83,Africa,159,SWZ,Mbabane,Africa,1201670,1180655,1133936,1099920,1030496,854011,598564,442865,17364,69.2047,1.0079,0.02
Ethiopia,14547,228,6386,7933,579,5,170,1.57,43.9,3.57,10207,4340,42.52,Africa,12,ETH,Addis Ababa,Africa,123379924,117190911,102471895,89237791,67031867,47878073,34945469,28308246,1104300,111.7268,1.0257,1.55
Fiji,27,0,18,9,0,0,0,0.0,66.67,0.0,27,0,0.0,Western Pacific,162,FJI,Suva,Oceania,929766,920422,917200,905169,832509,780430,644582,527634,18272,50.8847,1.0056,0.01
Finland,7398,329,6920,149,5,0,0,4.45,93.54,4.75,7340,58,0.79,Europe,118,FIN,Helsinki,Europe,5540745,5529468,5479461,5363271,5176209,4986545,4779418,4606621,338424,16.3722,1.0009,0.07
France,220352,30212,81212,108928,2551,17,267,13.71,36.86,37.2,214023,6329,2.96,Europe,23,FRA,Paris,Europe,64626628,64480053,63809769,62444567,58665453,56412897,53713830,50523586,551695,117.1419,1.0015,0.81
Gabon,7189,49,4682,2458,205,0,219,0.68,65.13,1.05,6433,756,11.75,Africa,146,GAB,Libreville,Africa,2388992,2292573,2028517,1711105,1272935,983028,749078,597192,267668,8.9252,1.0204,0.03
Gambia,326,8,66,252,49,2,6,2.45,20.25,12.12,112,214,191.07,Africa,142,GMB,Banjul,Africa,2705992,2573995,2253133,1937275,1437539,1040616,718586,528731,10689,253.1567,1.025,0.03
Georgia,1137,16,922,199,6,0,2,1.41,81.09,1.74,1039,98,9.43,Europe,131,GEO,Tbilisi,Asia,3744385,3765912,3771132,3836831,4265172,5391636,5145843,4800426,69700,53.7214,0.9964,0.05
Germany,207112,9125,190314,7673,445,1,259,4.41,91.89,4.79,203325,3787,1.86,Europe,19,DEU,Berlin,Europe,83369843,83328988,82073226,81325090,81551677,79370196,77786703,78294583,357114,233.4544,0.9995,1.05
Ghana,33624,168,29801,3655,655,0,307,0.5,88.63,0.56,28430,5194,18.27,Africa,47,GHA,Accra,Africa,33475870,32180401,28870939,25574719,19665502,15446982,11865246,8861895,238533,140.3406,1.0196,0.42
Greece,4227,202,1374,2651,34,0,0,4.78,32.51,14.7,4012,215,5.36,Europe,90,GRC,Athens,Europe,10384971,10512232,10806641,11033783,11038109,10302255,9307148,8544873,131990,78.68,0.9942,0.13
Greenland,14,0,13,1,1,0,0,0.0,92.86,0.0,13,1,7.69,Europe,208,GRL,Nuuk,North America,56466,56026,55895,56351,56184,55599,50106,45434,2166086,0.0261,1.004,0.0
Grenada,23,0,23,0,0,0,0,0.0,100.0,0.0,23,0,0.0,Americas,193,GRD,Saint George's,North America,125438,123663,118980,114039,107432,99047,94838,98794,344,364.6453,1.0066,0.0
Guatemala,45309,1761,32455,11093,256,27,843,3.89,71.63,5.43,39039,6270,16.06,Americas,68,GTM,Guatemala City,North America,17843908,17362718,16001107,14543121,11735894,9084780,6987767,5453208,108889,163.8725,1.0134,0.22
Guinea,7055,45,6257,753,47,2,105,0.64,88.69,0.72,6590,465,7.06,Africa,75,GIN,Conakry,Africa,13859341,13205153,11625998,10270728,8336967,6354145,4972609,4222374,245857,56.3716,1.0242,0.17
Guinea-Bissau,1954,26,803,1125,0,0,0,1.33,41.1,3.24,1949,5,0.26,Africa,149,GNB,Bissau,Africa,2105566,2015828,1788919,1567220,1230849,973551,831462,591663,36125,58.2856,1.0218,0.03
Guyana,389,20,181,188,19,0,0,5.14,46.53,11.05,337,52,15.43,Americas,164,GUY,Georgetown,South America,808726,797202,755031,747932,759051,747116,778176,705261,214969,3.7621,1.0052,0.01
Haiti,7340,158,4365,2817,25,1,0,2.15,59.47,3.62,7053,287,4.07,Americas,82,HTI,Port-au-Prince,North America,11584996,11306801,10563757,9842880,8360225,6925331,5646676,4680812,27750,417.4773,1.012,0.15
Honduras,39741,1166,5039,33536,465,50,117,2.93,12.68,23.14,34611,5130,14.82,Americas,89,HND,Tegucigalpa,North America,10432860,10121763,9294505,8450933,6656725,5053234,3777990,2782753,112492,92.7431,1.015,0.13
Hungary,4448,596,3329,523,13,0,0,13.4,74.84,17.9,4339,109,2.51,Europe,94,HUN,Budapest,Europe,9967308,9750573,9844246,9986825,10202055,10375989,10698679,10315366,93028,107.1431,1.0265,0.12
Iceland,1854,10,1823,21,7,0,0,0.54,98.33,0.55,1839,15,0.82,Europe,179,ISL,Reykjavík,Europe,372899,366669,331060,318333,281462,255019,228263,204468,103000,3.6204,1.0069,0.0
India,1480073,33408,951166,495499,44457,637,33598,2.26,64.26,3.51,1155338,324735,28.11,South-East Asia,2,IND,New Delhi,Asia,1417173173,1396387127,1322866505,1240613620,1059633675,870452165,696828385,557501301,3287590,431.0675,1.0068,17.77
Indonesia,100303,4838,58173,37292,1525,57,1518,4.82,58.0,8.32,88214,12089,13.7,South-East Asia,4,IDN,Jakarta,Asia,275501339,271857970,259091970,244016173,214072421,182159874,148177096,115228394,1904569,144.6529,1.0064,3.45
Iran,293606,15912,255144,22550,2434,212,1931,5.42,86.9,6.24,276202,17404,6.3,Eastern Mediterranean,17,IRN,Tehran,Asia,88550570,87290193,81790841,75373855,65544383,55793629,38520664,28449705,1648195,53.7258,1.0071,1.11
Iraq,112585,4458,77144,30983,2553,96,1927,3.96,68.52,5.78,94693,17892,18.89,Eastern Mediterranean,35,IRQ,Baghdad,Asia,44496122,42556984,37757813,31264875,24628858,17658381,13653369,9811347,438317,101.5158,1.0221,0.56
Ireland,25892,1764,23364,764,11,0,0,6.81,90.24,7.55,25766,126,0.49,Europe,125,IRL,Dublin,Europe,5023109,4946119,4665760,4524585,3768950,3485374,3391387,2937637,70273,71.4799,1.0073,0.06
Israel,63985,474,27133,36378,2029,4,108,0.74,42.41,1.75,52003,11982,23.04,Europe,98,ISR,Jerusalem,Asia,9038309,8757489,8007778,7328445,6116958,4803254,3744608,2907307,20770,435.1617,1.0155,0.11
Italy,246286,35112,198593,12581,168,5,147,14.26,80.64,17.68,244624,1662,0.68,Europe,25,ITA,Rome,Europe,59037474,59500579,60232906,59822450,56966397,56756561,56329482,53324036,301336,195.9191,0.9966,0.74
Jamaica,853,10,714,129,11,0,0,1.17,83.7,1.4,809,44,5.44,Americas,139,JAM,Kingston,North America,2827377,2820436,2794445,2733896,2612205,2392030,2135546,1859091,10991,257.2447,0.9999,0.04
Japan,31142,998,21970,8174,594,0,364,3.2,70.55,4.54,25706,5436,21.15,Western Pacific,11,JPN,Tokyo,Asia,123951692,125244761,127250933,128105431,126803861,123686321,117624196,105416839,377930,327.9753,0.9947,1.55
Jordan,1176,11,1041,124,8,0,0,0.94,88.52,1.06,1223,-47,-3.84,Eastern Mediterranean,83,JOR,Amman,Asia,11285869,10928721,9494246,6931258,5056174,3480587,2216903,1557374,89342,126.3221,1.0123,0.14
Kazakhstan,84648,585,54404,29659,1526,0,1833,0.69,64.27,1.08,73468,11180,15.22,Europe,66,KAZ,Nursultan,Asia,19397998,18979243,17835909,16627837,15236253,16866563,14172710,12265305,2724900,7.1188,1.0105,0.24
Kenya,17975,285,7833,9857,372,5,90,1.59,43.58,3.64,13771,4204,30.53,Africa,27,KEN,Nairobi,Africa,54027487,51985780,46851488,41517895,30851606,23162269,16187124,11473087,580367,93.0919,1.0193,0.68
Kuwait,64379,438,55057,8884,606,5,684,0.68,85.52,0.8,59763,4616,7.72,Eastern Mediterranean,129,KWT,Kuwait City,Asia,4268873,4360444,3908743,2943356,1934901,1674938,1493870,802786,17818,239.5821,1.0044,0.05
Kyrgyzstan,33296,1301,21205,10790,483,24,817,3.91,63.69,6.14,27143,6153,22.67,Europe,110,KGZ,Bishkek,Asia,6630623,6424874,5914980,5483774,4935182,4394734,3691209,3016384,199951,33.1612,1.0158,0.08
Laos,20,0,19,1,0,0,0,0.0,95.0,0.0,19,1,5.26,Western Pacific,103,LAO,Vientiane,Asia,7529475,7319399,6787419,6323418,5430853,4314443,3297519,2675283,236800,31.7968,1.0141,0.09
Latvia,1219,31,1045,143,0,0,0,2.54,85.73,2.97,1192,27,2.27,Europe,151,LVA,Riga,Europe,1850651,1897052,1991955,2101530,2392530,2689391,2572037,2397414,64559,28.666,0.9876,0.02
Lebanon,3882,51,1709,2122,132,0,17,1.31,44.02,2.98,2905,977,33.63,Eastern Mediterranean,119,LBN,Beirut,Asia,5489739,5662923,6398940,4995800,4320642,3593700,2963702,2381791,10452,525.2334,0.9816,0.07
Lesotho,505,12,128,365,0,0,0,2.38,25.35,9.38,359,146,40.67,Africa,147,LSO,Maseru,Africa,2305825,2254100,2118521,2022747,1998630,1798997,1407672,1023481,30355,75.962,1.0107,0.03
Liberia,1167,72,646,449,5,0,5,6.17,55.36,11.15,1107,60,5.42,Africa,121,LBR,Monrovia,Africa,5302681,5087584,4612329,4019956,2895224,2209731,1932169,1463563,111369,47.6136,1.021,0.07
Libya,2827,64,577,2186,158,4,24,2.26,20.41,11.09,1980,847,42.78,Eastern Mediterranean,107,LBY,Tripoli,Africa,6812341,6653942,6192235,6491988,5154790,4236983,2962720,1909177,1759540,3.8717,1.0114,0.09
Liechtenstein,86,1,81,4,0,0,0,1.16,94.19,1.23,86,0,0.0,Europe,216,LIE,Vaduz,Europe,39327,38756,37355,35926,33026,28765,25003,21089,160,245.7937,1.0074,0.0
Lithuania,2019,80,1620,319,11,0,4,3.96,80.24,4.94,1947,72,3.7,Europe,141,LTU,Vilnius,Europe,2750055,2820267,2963765,3139019,3599637,3785847,3521206,3210147,65300,42.1142,0.9869,0.03
Luxembourg,6321,112,4825,1384,49,0,178,1.77,76.33,2.32,5639,682,12.09,Europe,168,LUX,Luxembourg,Europe,647599,630399,569408,507070,435628,381267,363741,339342,2586,250.425,1.0129,0.01
Madagascar,9690,91,6260,3339,395,6,681,0.94,64.6,1.45,7153,2537,35.47,Africa,50,MDG,Antananarivo,Africa,29611714,28225177,24850912,21731053,16216431,11882762,8948162,6639751,587041,50.4423,1.0241,0.37
Malawi,3664,99,1645,1920,24,0,6,2.7,44.9,6.02,2992,672,22.46,Africa,62,MWI,Lilongwe,Africa,20405317,19377061,16938942,14718422,11229387,9539665,6267369,4625141,118484,172.22,1.0259,0.26
Malaysia,8904,124,8601,179,7,0,1,1.39,96.6,1.44,8800,104,1.18,Western Pacific,45,MYS,Kuala Lumpur,Asia,33938221,33199993,31068833,28717731,22945150,17517054,13215707,10306508,330803,102.5934,1.0109,0.43
Maldives,3369,15,2547,807,67,0,19,0.45,75.6,0.59,2999,370,12.34,South-East Asia,174,MDV,Malé,Asia,523787,514438,435582,361575,282507,224957,164887,123243,300,1745.9567,1.0045,0.01
Mali,2513,124,1913,476,3,1,2,4.93,76.12,6.48,2475,38,1.54,Africa,59,MLI,Bamako,Africa,22593590,21224040,18112907,15529181,11239101,8945026,7372581,6153587,1240192,18.2178,1.0314,0.28
Malta,701,9,665,27,1,0,0,1.28,94.86,1.35,677,24,3.55,Europe,173,MLT,Valletta,Europe,533286,515357,456579,418755,399212,365392,333587,315414,316,1687.6139,1.0124,0.01
Mauritania,6208,156,4653,1399,37,0,223,2.51,74.95,3.35,5923,285,4.81,Africa,126,MRT,Nouakchott,Africa,4736139,4498604,3946220,3419461,2695003,2006027,1506694,1122198,1030700,4.5951,1.0263,0.06
Mauritius,344,10,332,2,0,0,0,2.91,96.51,3.01,343,1,0.29,Africa,157,MUS,Port Louis,Africa,1299469,1297828,1293153,1283330,1215930,1090290,954865,830115,2040,636.9946,1.0004,0.02
Mexico,395489,44022,303810,47657,4973,342,8588,11.13,76.82,14.49,349396,46093,13.19,Americas,10,MEX,Mexico City,North America,127504125,125998302,120149897,112532401,97873442,81720428,67705186,50289306,1964375,64.9082,1.0063,1.6
Moldova,23154,748,16154,6252,120,13,245,3.23,69.77,4.63,21115,2039,9.66,Europe,135,MDA,Chisinau,Europe,3272996,3084847,3277388,3678186,4251573,4480199,4103240,3711140,33846,96.7026,1.0691,0.04
Monaco,116,4,104,8,0,0,0,3.45,89.66,3.85,109,7,6.42,Europe,217,MCO,Monaco,Europe,36469,36922,36760,33178,32465,30329,27076,24270,2,18234.5,0.9941,0.0
Mongolia,289,0,222,67,1,0,4,0.0,76.82,0.0,287,2,0.7,Western Pacific,134,MNG,Ulaanbaatar,Asia,3398366,3294335,2964749,2702520,2450979,2161433,1697780,1293880,1564110,2.1727,1.0151,0.04
Montenegro,2893,45,809,2039,94,2,70,1.56,27.96,5.56,2188,705,32.22,Europe,169,MNE,Podgorica,Europe,627082,629048,633966,631044,633324,621442,589324,530268,13812,45.4012,0.9988,0.01
Morocco,20887,316,16553,4018,609,3,115,1.51,79.25,1.91,17562,3325,18.93,Eastern Mediterranean,40,MAR,Rabat,Africa,37457971,36688772,34680458,32464865,28554415,24570814,19678444,15274351,446550,83.883,1.0103,0.47
Mozambique,1701,11,0,1690,32,0,0,0.65,0.0,inf,1507,194,12.87,Africa,48,MOZ,Maputo,Africa,32969517,31178239,26843246,23073723,17768505,13303459,11413587,8411676,801590,41.1302,1.0278,0.41
Namibia,1843,8,101,1734,68,0,26,0.43,5.48,7.92,1344,499,37.13,Africa,145,NAM,Windhoek,Africa,2567012,2489098,2282704,2099271,1819141,1369011,975994,754467,825615,3.1092,1.0146,0.03
Nepal,18752,48,13754,4950,139,3,626,0.26,73.35,0.35,17844,908,5.09,South-East Asia,49,NPL,Kathmandu,Asia,30547580,29348627,27610325,27161567,24559500,19616530,15600442,12501285,147181,207.5511,1.0171,0.38
Netherlands,53413,6160,189,47064,419,1,0,11.53,0.35,3259.26,52132,1281,2.46,Europe,71,NLD,Amsterdam,Europe,17564014,17434557,17041107,16617116,15899135,14944548,14130387,13037686,41850,419.6897,1.0036,0.22
New Zealand,1557,22,1514,21,1,0,1,1.41,97.24,1.45,1555,2,0.13,Western Pacific,123,NZL,Wellington,Oceania,5185288,5061133,4590590,4346338,3855266,3397389,3147168,2824061,270467,19.1716,1.0108,0.07
Nicaragua,3439,108,2492,839,0,0,0,3.14,72.46,4.33,3147,292,9.28,Americas,106,NIC,Managua,North America,6948392,6755895,6298598,5855734,5123222,4227820,3303309,2444767,130373,53.2962,1.0143,0.09
Niger,1132,69,1027,36,0,0,0,6.1,90.72,6.72,1105,27,2.44,Africa,54,NER,Niamey,Africa,26207977,24333639,20128124,16647543,11622665,8370647,6173177,4669708,1267000,20.6851,1.0378,0.33
Nigeria,41180,860,18203,22117,648,2,829,2.09,44.2,4.72,37225,3955,10.62,Africa,6,NGA,Abuja,Africa,218541212,208327405,183995785,160952853,122851984,95214257,72951439,55569264,923768,236.5759,1.0241,2.74
North Macedonia,10213,466,5564,4183,127,6,137,4.56,54.48,8.38,9249,964,10.42,Europe,150,MKD,Skopje,Europe,2093599,2111072,2107962,2093828,2037936,2044174,1907023,1656783,25713,81.4218,0.9954,0.03
Norway,9132,255,8752,125,15,0,0,2.79,95.84,2.91,9034,98,1.08,Europe,120,NOR,Oslo,Europe,5434319,5379839,5190356,4889741,4491202,4241636,4085776,3875546,323802,16.7828,1.0058,0.07
Oman,77058,393,57028,19637,1053,9,1729,0.51,74.01,0.69,68400,8658,12.66,Eastern Mediterranean,127,OMN,Muscat,Asia,4576298,4543399,4191776,2881914,2344253,1804524,1017462,670693,309500,14.7861,1.0123,0.06
Pakistan,274289,5842,241026,27421,1176,20,3592,2.13,87.87,2.42,266096,8193,3.08,Eastern Mediterranean,5,PAK,Islamabad,Asia,235824862,227196741,210969298,194454498,154369924,115414069,80624057,59290872,881912,267.4018,1.0191,2.96
Panama,61442,1322,35086,25034,1146,28,955,2.15,57.1,3.77,54426,7016,12.89,Americas,128,PAN,Panama City,North America,4408581,4294396,3957099,3623617,3001731,2449968,1956987,1516188,75417,58.4561,1.0132,0.06
Papua New Guinea,62,0,11,51,0,0,0,0.0,17.74,0.0,19,43,226.32,Western Pacific,93,PNG,Port Moresby,Oceania,10142619,9749640,8682174,7583269,5508297,3864972,3104788,2489059,462840,21.9139,1.0194,0.13
Paraguay,4548,43,2905,1600,104,2,111,0.95,63.87,1.48,3748,800,21.34,Americas,109,PRY,Asunción,South America,6780744,6618695,6177950,5768613,5123819,4059195,3078912,2408787,406752,16.6705,1.0115,0.09
Peru,389717,18418,272547,98752,13756,575,4697,4.73,69.93,6.76,357681,32036,8.96,Americas,44,PER,Lima,South America,34049588,33304756,30711863,29229572,26654439,22109099,17492406,13562371,1285216,26.4933,1.0099,0.43
Philippines,82040,1945,26446,53649,1592,13,336,2.37,32.24,7.35,68898,13142,19.07,Western Pacific,13,PHL,Manila,Asia,115559009,112190977,103031365,94636700,77958223,61558898,48419546,37435586,342353,337.5434,1.0147,1.45
Poland,43402,1676,32856,8870,337,5,103,3.86,75.7,5.1,40383,3019,7.48,Europe,37,POL,Warsaw,Europe,39857145,38428366,38553146,38597353,38504431,38064255,35521429,32482943,312679,127.4698,1.0404,0.5
Portugal,50299,1719,35375,13205,135,2,158,3.42,70.33,4.86,48771,1528,3.13,Europe,92,PRT,Lisbon,Europe,10270865,10298192,10365435,10588401,10300626,10007346,9785252,8683631,92090,111.5307,0.9981,0.13
Qatar,109597,165,106328,3104,292,0,304,0.15,97.02,0.16,107037,2560,2.39,Eastern Mediterranean,143,QAT,Doha,Asia,2695122,2760385,2414573,1713504,645937,441675,277450,118007,11586,232.6189,1.0026,0.03
Romania,45902,2206,25794,17902,1104,19,151,4.81,56.19,8.55,38139,7763,20.35,Europe,64,ROU,Bucharest,Europe,19659267,19442038,19906079,20335211,21919876,22836234,22125224,19922618,238391,82.4665,1.0171,0.25
Russia,816680,13334,602249,201097,5607,85,3077,1.63,73.74,2.21,776212,40468,5.21,Europe,9,RUS,Moscow,Europe,144713314,145617329,144668389,143242599,146844839,148005704,138257420,130093010,17098242,8.4636,0.9973,1.81
Rwanda,1879,5,975,899,58,0,57,0.27,51.89,0.51,1629,250,15.35,Africa,76,RWA,Kigali,Africa,13776698,13146362,11642959,10309031,8109989,7319962,5247532,3896367,26338,523.0731,1.0234,0.17
Saint Kitts and Nevis,17,0,15,2,0,0,0,0.0,88.24,0.0,17,0,0.0,Americas,211,KNA,Basseterre,North America,47657,47642,47790,47403,45461,40636,43097,44968,261,182.5939,1.0011,0.0
Saint Lucia,24,0,22,2,0,0,0,0.0,91.67,0.0,23,1,4.35,Americas,190,LCA,Castries,North America,179857,179237,175623,170935,159500,142301,121633,103090,616,291.9756,1.0011,0.0
Saint Vincent and the Grenadines,52,0,39,13,0,0,0,0.0,75.0,0.0,50,2,4.0,Americas,199,VCT,Kingstown,North America,103948,104632,106482,109308,113813,112487,107480,98459,389,267.2185,0.9963,0.0
San Marino,699,42,657,0,0,0,0,6.01,93.99,6.39,699,0,0.0,Europe,218,SMR,San Marino,Europe,33660,34007,33570,31608,26823,23132,21346,18169,61,551.8033,0.9975,0.0
Sao Tome and Principe,865,14,734,117,2,0,38,1.62,84.86,1.91,746,119,15.95,Africa,187,STP,São Tomé,Africa,227380,218641,201124,182138,143714,120343,97210,77583,964,235.8714,1.0192,0.0
Saudi Arabia,268934,2760,222936,43238,1993,27,2613,1.03,82.9,1.24,253349,15585,6.15,Eastern Mediterranean,41,SAU,Riyadh,Asia,36408820,35997107,32749848,29411929,21547390,16004763,10171710,6106191,2149690,16.9368,1.0128,0.46
Senegal,9764,194,6477,3093,83,3,68,1.99,66.34,3.0,8948,816,9.12,Africa,72,SEN,Dakar,Africa,17316449,16436119,14356181,12530121,9704287,7536001,5703869,4367744,196722,88.025,1.0261,0.22
Serbia,24141,543,0,23598,411,9,0,2.25,0.0,inf,21253,2888,13.59,Europe,105,SRB,Belgrade,Europe,7221365,7358005,7519496,7653748,7935022,7987529,7777010,7193533,88361,81.7257,0.9897,0.09
Seychelles,114,0,39,75,0,0,0,0.0,34.21,0.0,108,6,5.56,Africa,196,SYC,Victoria,Africa,107118,105530,99240,92409,80060,71057,65290,54379,452,236.9867,1.0061,0.0
Sierra Leone,1783,66,1317,400,0,0,4,3.7,73.86,5.01,1711,72,4.21,Africa,102,SLE,Freetown,Africa,8605718,8233969,7314773,6436698,4584067,4325388,3367477,2778557,71740,119.957,1.022,0.11
Singapore,50838,27,45692,5119,469,0,171,0.05,89.88,0.06,48035,2803,5.84,Western Pacific,113,SGP,Singapore,Asia,5975689,5909869,5650018,5163590,4053602,3022209,2400729,2061831,710,8416.4634,1.0058,0.07
Slovakia,2181,28,1616,537,2,0,39,1.28,74.09,1.73,1980,201,10.15,Europe,116,SVK,Bratislava,Europe,5643453,5456681,5424444,5396424,5376690,5261305,4973883,4522867,49037,115.0856,1.0359,0.07
Slovenia,2087,116,1733,238,5,0,55,5.56,83.04,6.69,1953,134,6.86,Europe,148,SVN,Ljubljana,Europe,2119844,2117641,2080862,2057286,1984339,1986024,1901570,1741286,20273,104.5649,1.0002,0.03
Somalia,3196,93,1543,1560,18,0,22,2.91,48.28,6.03,3130,66,2.11,Eastern Mediterranean,70,SOM,Mogadishu,Africa,17597511,16537016,13763906,12026649,8721465,6999096,5892224,3720977,637657,27.5971,1.0312,0.22
South Africa,452529,7067,274925,170537,7096,298,9848,1.56,60.75,2.57,373628,78901,21.12,Africa,24,ZAF,Pretoria,Africa,59893885,58801927,55876504,51784921,46813266,39877570,29463549,22368306,1221037,49.0517,1.0084,0.75
South Korea,14203,300,13007,896,28,1,102,2.11,91.58,2.31,13816,387,2.8,Western Pacific,29,KOR,Seoul,Asia,51815810,51844690,50994401,48813042,46788591,44120039,38170501,32601143,100210,517.0722,0.9997,0.65
South Sudan,2305,46,1175,1084,43,1,0,2.0,50.98,3.91,2211,94,4.25,Africa,86,SSD,Juba,Africa,10913164,10606227,11194299,9714419,6114440,4750817,4192011,3342410,619745,17.6091,1.0153,0.14
Spain,272421,28432,150376,93613,0,0,0,10.44,55.2,18.91,264836,7585,2.86,Europe,30,ESP,Madrid,Europe,47558630,47363807,46431342,46572772,40741651,38889889,37491666,33792617,505992,93.9909,1.0015,0.6
Sri Lanka,2805,11,2121,673,23,0,15,0.39,75.61,0.52,2730,75,2.75,South-East Asia,61,LKA,Colombo,Asia,21832143,21715079,21336697,20668557,18776371,17204094,14943645,12388769,65610,332.7563,1.0027,0.27
Sudan,11424,720,5939,4765,39,3,49,6.3,51.99,12.12,10992,432,3.93,Eastern Mediterranean,32,SDN,Khartoum,Africa,46874204,44440486,38171178,33739933,26298773,21090886,16673586,11305206,1886068,24.8529,1.0267,0.59
Suriname,1483,24,925,534,44,1,35,1.62,62.37,2.59,1079,404,37.44,Americas,170,SUR,Paramaribo,South America,618040,607065,575475,546080,478998,412756,375112,379918,163820,3.7727,1.0082,0.01
Sweden,79395,5700,0,73695,398,3,0,7.18,0.0,inf,78048,1347,1.73,Europe,87,SWE,Stockholm,Europe,10549347,10368969,9849349,9381729,8871043,8548406,8311763,8027702,450295,23.4276,1.0079,0.13
Switzerland,34477,1978,30900,1599,65,1,200,5.74,89.62,6.4,33634,843,2.51,Europe,101,CHE,Bern,Europe,8740472,8638613,8281732,7822435,7182059,6711693,6319113,6181227,41284,211.7157,1.0056,0.11
Syria,674,40,0,634,24,2,0,5.93,0.0,inf,522,152,29.12,Eastern Mediterranean,60,SYR,Damascus,Asia,22125249,20772595,19205178,22337563,16307654,12408996,8898954,6319199,185180,119.4797,1.0376,0.28
Tajikistan,7235,60,6028,1147,43,1,58,0.83,83.32,1.0,6921,314,4.54,Europe,95,TJK,Dushanbe,Asia,9952787,9543207,8524063,7621779,6272998,5417860,4045965,2993019,143100,69.5513,1.0208,0.12
Tanzania,509,21,183,305,0,0,0,4.13,35.95,11.48,509,0,0.0,Africa,22,TZA,Dodoma,Africa,65497748,61704518,52542823,45110527,34463704,26206012,19297659,13618192,945087,69.3034,1.03,0.82
Thailand,3297,58,3111,128,6,0,2,1.76,94.36,1.86,3250,47,1.45,South-East Asia,20,THA,Bangkok,Asia,71697030,71475664,70294397,68270489,63066603,55228410,45737753,35791728,513120,139.7276,1.0013,0.9
Timor-Leste,24,0,0,24,0,0,0,0.0,0.0,0.0,24,0,0.0,South-East Asia,155,TLS,Dili,Asia,1341296,1299995,1205813,1088486,878360,758106,642224,554021,14874,90.1772,1.0154,0.02
Togo,874,18,607,249,6,0,8,2.06,69.45,2.97,783,91,11.62,Africa,100,TGO,Lomé,Africa,8848699,8442580,7473229,6571855,5008035,3875947,2838110,2197383,56785,155.8281,1.0236,0.11
Trinidad and Tobago,148,8,128,12,1,0,0,5.41,86.49,6.25,137,11,8.03,Americas,153,TTO,Port-of-Spain,North America,1531044,1518147,1460177,1410296,1332203,1266518,1127852,988890,5130,298.4491,1.0035,0.02
Tunisia,1455,50,1157,248,3,0,15,3.44,79.52,4.32,1381,74,5.36,Eastern Mediterranean,79,TUN,Tunis,Africa,12356117,12161723,11557779,10895063,9893316,8440023,6578156,5047404,163610,75.5218,1.0076,0.15
Turkey,227019,5630,210469,10920,919,17,982,2.48,92.71,2.67,220572,6447,2.92,Europe,18,TUR,Ankara,Asia,85341241,84135428,79646178,73195345,64113547,54324142,44089069,35540990,783562,108.9145,1.0067,1.07
Uganda,1128,2,986,140,13,0,4,0.18,87.41,0.2,1069,59,5.52,Africa,31,UGA,Kampala,Africa,47249585,44404611,37477356,32341728,24020697,17586630,13284026,10317212,241550,195.61,1.0304,0.59
Ukraine,67096,1636,37202,28258,835,11,317,2.44,55.45,4.4,60767,6329,10.42,Europe,38,UKR,Kiev,Europe,39701739,43909666,44982564,45683020,48879755,51589817,49973920,47279086,603500,65.7858,0.912,0.5
United Arab Emirates,59177,345,52510,6322,264,1,328,0.58,88.73,0.66,57193,1984,3.47,Eastern Mediterranean,97,ARE,Abu Dhabi,Asia,9441129,9287289,8916899,8481771,3275333,1900151,1014048,298084,83600,112.9322,1.0081,0.12
United Kingdom,301708,45844,1437,254427,688,7,3,15.19,0.48,3190.26,296944,4764,1.6,Europe,21,GBR,London,Europe,67508936,67059474,65224364,62760039,58850043,57210442,56326328,55650166,242900,277.9289,1.0034,0.85
Uruguay,1202,35,951,216,10,1,3,2.91,79.12,3.68,1064,138,12.97,Americas,133,URY,Montevideo,South America,3422794,3429086,3402818,3352651,3292224,3117012,2953750,2790265,181034,18.9069,0.999,0.04
Uzbekistan,21209,121,11674,9414,678,5,569,0.57,55.04,1.04,17149,4060,23.67,Europe,43,UZB,Tashkent,Asia,34627652,33526656,30949417,28614227,24925554,20579100,15947129,12011361,447400,77.3975,1.016,0.43
Venezuela,15988,146,9959,5883,525,4,213,0.91,62.29,1.47,12334,3654,29.63,Americas,51,VEN,Caracas,South America,28301696,28490453,30529716,28715022,24427729,19750579,15210443,11355475,916445,30.882,1.0036,0.35
Vietnam,431,0,365,66,11,0,0,0.0,84.69,0.0,384,47,12.24,Western Pacific,16,VNM,Hanoi,Asia,98186856,96648685,92191398,87411012,79001142,66912613,52968270,41928849,331212,296.4472,1.0074,1.23
Western Sahara,10,1,8,1,0,0,0,10.0,80.0,12.5,10,0,0.0,Africa,172,ESH,El Aaiún,Africa,575986,556048,491824,413296,270375,178529,116775,76371,266000,2.1654,1.0184,0.01
Yemen,1691,483,833,375,10,4,36,28.56,49.26,57.98,1619,72,4.45,Eastern Mediterranean,46,YEM,Sanaa,Asia,33696614,32284046,28516545,24743946,18628700,13375121,9204938,6843607,527968,63.8232,1.0217,0.42
Zambia,4552,140,2815,1597,71,1,465,3.08,61.84,4.97,3326,1226,36.86,Africa,63,ZMB,Lusaka,Africa,20017675,18927715,16248230,13792086,9891136,7686401,5720438,4281671,752612,26.5976,1.028,0.25
Zimbabwe,2704,36,542,2126,192,2,24,1.33,20.04,6.64,1713,991,57.85,Africa,74,ZWE,Harare,Africa,16320537,15669666,14154937,12839771,11834676,10113893,7049926,5202918,390757,41.7665,1.0204,0.2
